Dept,Reader,Editor
MCIT,CHENGC04,TAOH02
MCIT,CHENGC01,CHENGC01
MCIT,KONDZD01,CHENGC01
MCIT,KONDZD01,CHENGC01
MCIT,KONDZD01,CHENGC01
MCIT,KONDZD01,CHENGC01
MCIT,KONDZD01,CHENGC01
MCIT,KONDZD01,CHENGC01
MCIT,KONDZD01,CHENGC01
MCIT,KONDZD01,CHENGC01
MCIT,KONDZD01,CHENGC01
MCIT,KONDZD01,CHENGC01
MCIT,KONDZD01,CHENGC01
MCIT,KONDZD01,CHENGC01
MCIT,KONDZD01,CHENGC01
MCIT,KONDZD01,CHENGC01
MCIT,KONDZD01,CHENGC01
MCIT,KONDZD01,CHENGC01
MCIT,KONDZD01,CHENGC01
MCIT,KONDZD01,CHENGC01
MCIT,KONDZD01,CHENGC01
MCIT,KONDZD01,CHENGC01
MCIT,KONDZD01,CHENGC01
MCIT,KONDZD01,CHENGC01
MCIT,KONDZD01,CHENGC01
MCIT,KONDZD01,CHENGC01
MCIT,KONDZD01,CHENGC01
MCIT,KONDZD01,CHENGC01
MCIT,KONDZD01,CHENGC01
MCIT,KONDZD01,CHENGC01
MCIT,KONDZD01,CHENGC01
MCIT,KONDZD01,CHENGC01
MCIT,KONDZD01,CHENGC01
MCIT,KONDZD01,CHENGC01
MCIT,KONDZD01,CHENGC01
MCIT,KONDZD01,CHENGC01
MCIT,KONDZD01,CHENGC01
MCIT,KONDZD01,CHENGC01
MCIT,KONDZD01,CHENGC01
MCIT,KONDZD01,CHENGC01
MCIT,KONDZD01,CHENGC01
MCIT,KONDZD01,CHENGC01
MCIT,KONDZD01,CHENGC01
MCIT,KONDZD01,CHENGC01
MCIT,KONDZD01,CHENGC01
MCIT,KONDZD01,CHENGC01
MCIT,KONDZD01,CHENGC01
MCIT,KONDZD01,CHENGC01
MCIT,KONDZD01,CHENGC01
MCIT,KONDZD01,CHENGC01
MCIT,KONDZD01,CHENGC01
MCIT,KONDZD01,CHENGC01
MCIT,KONDZD01,CHENGC01
MCIT,KONDZD01,CHENGC01
MCIT,KONDZD01,CHENGC01
MCIT,KONDZD01,CHENGC01
MCIT,KONDZD01,CHENGC01
MCIT,KONDZD01,CHENGC01
MCIT,KONDZD01,CHENGC01
MCIT,KONDZD01,CHENGC01
MCIT,KONDZD01,CHENGC01
MCIT,KONDZD01,CHENGC01
MCIT,KONDZD01,CHENGC01
MCIT,KONDZD01,CHENGC01
MCIT,KONDZD01,CHENGC01
MCIT,KONDZD01,CHENGC01
MCIT,KONDZD01,CHENGC01
MCIT,KONDZD01,CHENGC01
MCIT,KONDZD01,CHENGC01
MCIT,KONDZD01,CHENGC01
MCIT,KONDZD01,CHENGC01
MCIT,KONDZD01,CHENGC01
MCIT,KONDZD01,CHENGC01
MCIT,KONDZD01,CHENGC01
MCIT,KONDZD01,CHENGC01
MCIT,KONDZD01,CHENGC01
MCIT,KONDZD01,CHENGC01
MCIT,KONDZD01,CHENGC01
MCIT,KONDZD01,CHENGC01
MCIT,KONDZD01,CHENGC01
MCIT,KONDZD01,CHENGC01
MCIT,KONDZD01,CHENGC01
MCIT,KONDZD01,CHENGC01
MCIT,KONDZD01,CHENGC01
MCIT,KONDZD01,CHENGC01
MCIT,KONDZD01,CHENGC01
MCIT,KONDZD01,CHENGC01
MCIT,KONDZD01,CHENGC01
MCIT,KONDZD01,CHENGC01
MCIT,KONDZD01,CHENGC01
MCIT,KONDZD01,CHENGC01
MCIT,KONDZD01,CHENGC01
MCIT,KONDZD01,CHENGC01
MCIT,KONDZD01,CHENGC01
MCIT,KONDZD01,CHENGC01
MCIT,KONDZD01,CHENGC01
MCIT,KONDZD01,CHENGC01
MCIT,KONDZD01,CHENGC01
MCIT,KONDZD01,CHENGC01
MCIT,KONDZD01,CHENGC01
MCIT,KONDZD01,CHENGC01
MCIT,KONDZD01,CHENGC01
MCIT,KONDZD01,CHENGC01
MCIT,KONDZD01,CHENGC01
MCIT,KONDZD01,CHENGC01
MCIT,KONDZD01,CHENGC01
MCIT,KONDZD01,CHENGC01
MCIT,KONDZD01,CHENGC01
MCIT,KONDZD01,CHENGC01
MCIT,KONDZD01,CHENGC01
MCIT,KONDZD01,CHENGC01
MCIT,KONDZD01,CHENGC01
MCIT,KONDZD01,CHENGC01
MCIT,KONDZD01,CHENGC01
MCIT,KONDZD01,CHENGC01
MCIT,KONDZD01,CHENGC01
MCIT,KONDZD01,CHENGC01
MCIT,KONDZD01,CHENGC01
MCIT,KONDZD01,CHENGC01
MCIT,KONDZD01,CHENGC01
MCIT,KONDZD01,CHENGC01
MCIT,KONDZD01,CHENGC01
MCIT,KONDZD01,CHENGC01
MCIT,KONDZD01,CHENGC01
MCIT,KONDZD01,CHENGC01
MCIT,KONDZD01,CHENGC01
MCIT,KONDZD01,CHENGC01
MCIT,KONDZD01,CHENGC01
MCIT,KONDZD01,CHENGC01
MCIT,KONDZD01,CHENGC01
MCIT,KONDZD01,CHENGC01
MCIT,KONDZD01,CHENGC01
MCIT,KONDZD01,CHENGC01
MCIT,KONDZD01,CHENGC01
MCIT,KONDZD01,CHENGC01
MCIT,KONDZD01,CHENGC01
MCIT,KONDZD01,CHENGC01
MCIT,KONDZD01,CHENGC01
MCIT,KONDZD01,CHENGC01
MCIT,KONDZD01,CHENGC01
MCIT,KONDZD01,CHENGC01
MCIT,KONDZD01,CHENGC01
MCIT,KONDZD01,CHENGC01
MCIT,KONDZD01,CHENGC01
MCIT,KONDZD01,CHENGC01
MCIT,KONDZD01,CHENGC01
MCIT,KONDZD01,CHENGC01
MCIT,KONDZD01,CHENGC01
MCIT,KONDZD01,CHENGC01
MCIT,KONDZD01,CHENGC01
MCIT,KONDZD01,CHENGC01
MCIT,KONDZD01,CHENGC01
MCIT,KONDZD01,CHENGC01
MCIT,KONDZD01,CHENGC01
MCIT,KONDZD01,CHENGC01
MCIT,KONDZD01,CHENGC01
MCIT,KONDZD01,CHENGC01
MCIT,KONDZD01,CHENGC01
MCIT,KONDZD01,CHENGC01
MCIT,KONDZD01,CHENGC01
MCIT,KONDZD01,CHENGC01
MCIT,KONDZD01,CHENGC01
MCIT,KONDZD01,CHENGC01
MCIT,KONDZD01,CHENGC01
MCIT,KONDZD01,CHENGC01
MCIT,KONDZD01,CHENGC01
MCIT,KONDZD01,CHENGC01
MCIT,KONDZD01,CHENGC01
MCIT,KONDZD01,CHENGC01
MCIT,KONDZD01,CHENGC01
MCIT,KONDZD01,CHENGC01
MCIT,KONDZD01,CHENGC01
MCIT,KONDZD01,CHENGC01
MCIT,KONDZD01,CHENGC01
MCIT,KONDZD01,CHENGC01
MCIT,KONDZD01,CHENGC01
MCIT,KONDZD01,CHENGC01
MCIT,KONDZD01,CHENGC01
MCIT,KONDZD01,CHENGC01
MCIT,KONDZD01,CHENGC01
MCIT,KONDZD01,CHENGC01
MCIT,KONDZD01,CHENGC01
MCIT,KONDZD01,CHENGC01
MCIT,KONDZD01,CHENGC01
MCIT,KONDZD01,CHENGC01
MCIT,KONDZD01,CHENGC01
MCIT,KONDZD01,CHENGC01
MCIT,KONDZD01,CHENGC01
MCIT,KONDZD01,CHENGC01
MCIT,KONDZD01,CHENGC01
MCIT,KONDZD01,CHENGC01
MCIT,KONDZD01,CHENGC01
MCIT,KONDZD01,CHENGC01
MCIT,KONDZD01,CHENGC01
MCIT,KONDZD01,CHENGC01
MCIT,KONDZD01,CHENGC01
MCIT,KONDZD01,CHENGC01
MCIT,KONDZD01,CHENGC01
MCIT,KONDZD01,CHENGC01
MCIT,KONDZD01,CHENGC01
MCIT,KONDZD01,CHENGC01
MCIT,KONDZD01,CHENGC01
MCIT,KONDZD01,CHENGC01
MCIT,KONDZD01,CHENGC01
MCIT,KONDZD01,CHENGC01
MCIT,KONDZD01,CHENGC01
MCIT,KONDZD01,CHENGC01
MCIT,KONDZD01,CHENGC01
MCIT,KONDZD01,CHENGC01
MCIT,KONDZD01,CHENGC01
MCIT,KONDZD01,CHENGC01
MCIT,KONDZD01,CHENGC01
MCIT,KONDZD01,CHENGC01
MCIT,KONDZD01,CHENGC01
MCIT,KONDZD01,CHENGC01
MCIT,KONDZD01,CHENGC01
MCIT,KONDZD01,CHENGC01
MCIT,KONDZD01,CHENGC01
MCIT,KONDZD01,CHENGC01
MCIT,KONDZD01,CHENGC01
MCIT,KONDZD01,CHENGC01
MCIT,KONDZD01,CHENGC01
MCIT,KONDZD01,CHENGC01
MCIT,KONDZD01,CHENGC01
MCIT,KONDZD01,CHENGC01
MCIT,KONDZD01,CHENGC01
MCIT,KONDZD01,CHENGC01
MCIT,KONDZD01,CHENGC01
MCIT,KONDZD01,CHENGC01
MCIT,KONDZD01,CHENGC01
MCIT,KONDZD01,CHENGC01
MCIT,KONDZD01,CHENGC01
MCIT,KONDZD01,CHENGC01
MCIT,KONDZD01,CHENGC01
MCIT,KONDZD01,CHENGC01
MCIT,KONDZD01,CHENGC01
MCIT,KONDZD01,CHENGC01
MCIT,KONDZD01,CHENGC01
MCIT,KONDZD01,CHENGC01
MCIT,KONDZD01,CHENGC01
MCIT,KONDZD01,CHENGC01
MCIT,KONDZD01,CHENGC01
MCIT,KONDZD01,CHENGC01
MCIT,KONDZD01,CHENGC01
MCIT,KONDZD01,CHENGC01
MCIT,KONDZD01,CHENGC01
MCIT,KONDZD01,CHENGC01
MCIT,KONDZD01,CHENGC01
MCIT,KONDZD01,CHENGC01
MCIT,KONDZD01,CHENGC01
MCIT,KONDZD01,CHENGC01
MCIT,KONDZD01,CHENGC01
MCIT,KONDZD01,CHENGC01
MCIT,KONDZD01,CHENGC01
MCIT,KONDZD01,CHENGC01
MCIT,KONDZD01,CHENGC01
MCIT,KONDZD01,CHENGC01
MCIT,KONDZD01,CHENGC01
MCIT,KONDZD01,CHENGC01
MCIT,KONDZD01,CHENGC01
MCIT,KONDZD01,CHENGC01
MCIT,KONDZD01,CHENGC01
MCIT,KONDZD01,CHENGC01
MCIT,KONDZD01,CHENGC01
MCIT,KONDZD01,CHENGC01
MCIT,KONDZD01,CHENGC01
MCIT,KONDZD01,CHENGC01
MCIT,KONDZD01,CHENGC01
MCIT,KONDZD01,CHENGC01
MCIT,KONDZD01,CHENGC01
MCIT,KONDZD01,CHENGC01
MCIT,KONDZD01,CHENGC01
MCIT,KONDZD01,CHENGC01
MCIT,KONDZD01,CHENGC01
MCIT,KONDZD01,CHENGC01
MCIT,KONDZD01,CHENGC01
MCIT,KONDZD01,CHENGC01
MCIT,KONDZD01,CHENGC01
MCIT,KONDZD01,CHENGC01
MCIT,KONDZD01,CHENGC01
MCIT,KONDZD01,CHENGC01
MCIT,KONDZD01,CHENGC01
MCIT,KONDZD01,CHENGC01
MCIT,KONDZD01,CHENGC01
MCIT,KONDZD01,CHENGC01
MCIT,KONDZD01,CHENGC01
MCIT,KONDZD01,CHENGC01
MCIT,KONDZD01,CHENGC01
MCIT,KONDZD01,CHENGC01
MCIT,KONDZD01,CHENGC01
MCIT,KONDZD01,CHENGC01
MCIT,KONDZD01,CHENGC01
MCIT,KONDZD01,CHENGC01
MCIT,KONDZD01,CHENGC01
MCIT,KONDZD01,CHENGC01
MCIT,KONDZD01,CHENGC01
MCIT,KONDZD01,CHENGC01
MCIT,KONDZD01,CHENGC01
MCIT,KONDZD01,CHENGC01
MCIT,KONDZD01,CHENGC01
MCIT,KONDZD01,CHENGC01
MCIT,KONDZD01,CHENGC01
MCIT,KONDZD01,CHENGC01
MCIT,KONDZD01,CHENGC01
MCIT,KONDZD01,CHENGC01
MCIT,KONDZD01,CHENGC01
MCIT,KONDZD01,CHENGC01
MCIT,KONDZD01,CHENGC01
MCIT,KONDZD01,CHENGC01
MCIT,KONDZD01,CHENGC01
MCIT,KONDZD01,CHENGC01
MCIT,KONDZD01,CHENGC01
MCIT,KONDZD01,CHENGC01
MCIT,KONDZD01,CHENGC01
MCIT,KONDZD01,CHENGC01
MCIT,KONDZD01,CHENGC01
MCIT,KONDZD01,CHENGC01
MCIT,KONDZD01,CHENGC01
MCIT,KONDZD01,CHENGC01
MCIT,KONDZD01,CHENGC01
MCIT,KONDZD01,CHENGC01
MCIT,KONDZD01,CHENGC01
MCIT,KONDZD01,CHENGC01
MCIT,KONDZD01,CHENGC01
MCIT,KONDZD01,CHENGC01
MCIT,KONDZD01,CHENGC01
MCIT,KONDZD01,CHENGC01
MCIT,KONDZD01,CHENGC01
MCIT,KONDZD01,CHENGC01
MCIT,KONDZD01,CHENGC01
MCIT,KONDZD01,CHENGC01
MCIT,KONDZD01,CHENGC01
MCIT,KONDZD01,CHENGC01
MCIT,KONDZD01,CHENGC01
MCIT,KONDZD01,CHENGC01
MCIT,KONDZD01,CHENGC01
MCIT,KONDZD01,CHENGC01
MCIT,KONDZD01,CHENGC01
MCIT,KONDZD01,CHENGC01
MCIT,KONDZD01,CHENGC01
MCIT,KONDZD01,CHENGC01
MCIT,KONDZD01,CHENGC01
MCIT,KONDZD01,CHENGC01
MCIT,KONDZD01,CHENGC01
MCIT,KONDZD01,CHENGC01
MCIT,KONDZD01,CHENGC01
MCIT,KONDZD01,CHENGC01
MCIT,KONDZD01,CHENGC01
MCIT,KONDZD01,CHENGC01
MCIT,KONDZD01,CHENGC01
MCIT,KONDZD01,CHENGC01
MCIT,KONDZD01,CHENGC01
MCIT,KONDZD01,CHENGC01
MCIT,KONDZD01,CHENGC01
MCIT,KONDZD01,CHENGC01
MCIT,KONDZD01,CHENGC01
MCIT,KONDZD01,CHENGC01
MCIT,KONDZD01,CHENGC01
MCIT,KONDZD01,CHENGC01
MCIT,KONDZD01,CHENGC01
MCIT,KONDZD01,CHENGC01
MCIT,KONDZD01,CHENGC01
MCIT,KONDZD01,CHENGC01
MCIT,KONDZD01,CHENGC01
MCIT,KONDZD01,CHENGC01
MCIT,KONDZD01,CHENGC01
MCIT,KONDZD01,CHENGC01
MCIT,KONDZD01,CHENGC01
MCIT,KONDZD01,CHENGC01
MCIT,KONDZD01,CHENGC01
MCIT,KONDZD01,CHENGC01
MCIT,KONDZD01,CHENGC01
MCIT,KONDZD01,CHENGC01
MCIT,KONDZD01,CHENGC01
MCIT,KONDZD01,CHENGC01
MCIT,KONDZD01,CHENGC01
MCIT,KONDZD01,CHENGC01
MCIT,KONDZD01,CHENGC01
MCIT,KONDZD01,CHENGC01
MCIT,KONDZD01,CHENGC01
MCIT,KONDZD01,CHENGC01
MCIT,KONDZD01,CHENGC01
MCIT,KONDZD01,CHENGC01
MCIT,KONDZD01,CHENGC01
MCIT,KONDZD01,CHENGC01
MCIT,KONDZD01,CHENGC01
MCIT,KONDZD01,CHENGC01
MCIT,KONDZD01,CHENGC01
MCIT,KONDZD01,CHENGC01
MCIT,KONDZD01,CHENGC01
MCIT,KONDZD01,CHENGC01
MCIT,KONDZD01,CHENGC01
MCIT,KONDZD01,CHENGC01
MCIT,KONDZD01,CHENGC01
MCIT,KONDZD01,CHENGC01
MCIT,KONDZD01,CHENGC01
MCIT,KONDZD01,CHENGC01
MCIT,KONDZD01,CHENGC01
MCIT,KONDZD01,CHENGC01
MCIT,KONDZD01,CHENGC01
MCIT,KONDZD01,CHENGC01
MCIT,KONDZD01,CHENGC01
MCIT,KONDZD01,CHENGC01
MCIT,KONDZD01,CHENGC01
MCIT,KONDZD01,CHENGC01
MCIT,KONDZD01,CHENGC01
MCIT,KONDZD01,CHENGC01
MCIT,KONDZD01,CHENGC01
MCIT,KONDZD01,CHENGC01
MCIT,KONDZD01,CHENGC01
MCIT,KONDZD01,CHENGC01
MCIT,KONDZD01,CHENGC01
MCIT,KONDZD01,CHENGC01
MCIT,KONDZD01,CHENGC01
MCIT,KONDZD01,CHENGC01
MCIT,KONDZD01,CHENGC01
MCIT,KONDZD01,CHENGC01
MCIT,KONDZD01,CHENGC01
MCIT,KONDZD01,CHENGC01
MCIT,KONDZD01,CHENGC01
MCIT,KONDZD01,CHENGC01
MCIT,KONDZD01,CHENGC01
MCIT,KONDZD01,CHENGC01
MCIT,KONDZD01,CHENGC01
MCIT,KONDZD01,CHENGC01
MCIT,KONDZD01,CHENGC01
MCIT,KONDZD01,CHENGC01
MCIT,KONDZD01,CHENGC01
MCIT,KONDZD01,CHENGC01
MCIT,KONDZD01,CHENGC01
MCIT,KONDZD01,CHENGC01
MCIT,KONDZD01,CHENGC01
MCIT,KONDZD01,CHENGC01
MCIT,KONDZD01,CHENGC01
MCIT,KONDZD01,CHENGC01
MCIT,KONDZD01,CHENGC01
MCIT,KONDZD01,CHENGC01
MCIT,KONDZD01,CHENGC01
MCIT,KONDZD01,CHENGC01
MCIT,KONDZD01,CHENGC01
MCIT,KONDZD01,CHENGC01
MCIT,KONDZD01,CHENGC01
MCIT,KONDZD01,CHENGC01
MCIT,KONDZD01,CHENGC01
MCIT,KONDZD01,CHENGC01
MCIT,KONDZD01,CHENGC01
MCIT,KONDZD01,CHENGC01
MCIT,KONDZD01,CHENGC01
MCIT,KONDZD01,CHENGC01
MCIT,KONDZD01,CHENGC01
MCIT,KONDZD01,CHENGC01
MCIT,KONDZD01,CHENGC01
MCIT,KONDZD01,CHENGC01
MCIT,KONDZD01,CHENGC01
MCIT,KONDZD01,CHENGC01
MCIT,KONDZD01,CHENGC01
MCIT,KONDZD01,CHENGC01
MCIT,KONDZD01,CHENGC01
MCIT,KONDZD01,CHENGC01
MCIT,KONDZD01,CHENGC01
MCIT,KONDZD01,CHENGC01
MCIT,KONDZD01,CHENGC01
MCIT,KONDZD01,CHENGC01
MCIT,KONDZD01,CHENGC01
MCIT,KONDZD01,CHENGC01
MCIT,KONDZD01,CHENGC01
MCIT,KONDZD01,CHENGC01
MCIT,KONDZD01,CHENGC01
MCIT,KONDZD01,CHENGC01
MCIT,KONDZD01,CHENGC01
MCIT,KONDZD01,CHENGC01
MCIT,KONDZD01,CHENGC01
MCIT,KONDZD01,CHENGC01
MCIT,KONDZD01,CHENGC01
MCIT,KONDZD01,CHENGC01
MCIT,KONDZD01,CHENGC01
MCIT,KONDZD01,CHENGC01
MCIT,KONDZD01,CHENGC01
MCIT,KONDZD01,CHENGC01
MCIT,KONDZD01,CHENGC01
MCIT,KONDZD01,CHENGC01
MCIT,KONDZD01,CHENGC01
MCIT,KONDZD01,CHENGC01
MCIT,KONDZD01,CHENGC01
MCIT,KONDZD01,CHENGC01
MCIT,KONDZD01,CHENGC01
MCIT,KONDZD01,CHENGC01
MCIT,KONDZD01,CHENGC01
MCIT,KONDZD01,CHENGC01
MCIT,KONDZD01,CHENGC01
MCIT,KONDZD01,CHENGC01
MCIT,KONDZD01,CHENGC01
MCIT,KONDZD01,CHENGC01
MCIT,KONDZD01,CHENGC01
MCIT,KONDZD01,CHENGC01
MCIT,KONDZD01,CHENGC01
MCIT,KONDZD01,CHENGC01
MCIT,KONDZD01,CHENGC01
MCIT,KONDZD01,CHENGC01
MCIT,KONDZD01,CHENGC01
MCIT,KONDZD01,CHENGC01
MCIT,KONDZD01,CHENGC01
MCIT,KONDZD01,CHENGC01
MCIT,KONDZD01,CHENGC01
MCIT,KONDZD01,CHENGC01
MCIT,KONDZD01,CHENGC01
MCIT,KONDZD01,CHENGC01
MCIT,KONDZD01,CHENGC01
MCIT,KONDZD01,CHENGC01
MCIT,KONDZD01,CHENGC01
MCIT,KONDZD01,CHENGC01
MCIT,KONDZD01,CHENGC01
MCIT,KONDZD01,CHENGC01
MCIT,KONDZD01,CHENGC01
MCIT,KONDZD01,CHENGC01
MCIT,KONDZD01,CHENGC01
MCIT,KONDZD01,CHENGC01
MCIT,KONDZD01,CHENGC01
MCIT,KONDZD01,CHENGC01
MCIT,KONDZD01,CHENGC01
MCIT,KONDZD01,CHENGC01
MCIT,KONDZD01,CHENGC01
MCIT,KONDZD01,CHENGC01
MCIT,KONDZD01,CHENGC01
MCIT,KONDZD01,CHENGC01
MCIT,KONDZD01,CHENGC01
MCIT,KONDZD01,CHENGC01
MCIT,KONDZD01,CHENGC01
MCIT,KONDZD01,CHENGC01
MCIT,KONDZD01,CHENGC01
MCIT,KONDZD01,CHENGC01
MCIT,KONDZD01,CHENGC01
MCIT,KONDZD01,CHENGC01
MCIT,KONDZD01,CHENGC01
MCIT,KONDZD01,CHENGC01
MCIT,KONDZD01,CHENGC01
MCIT,KONDZD01,CHENGC01
MCIT,KONDZD01,CHENGC01
MCIT,KONDZD01,CHENGC01
MCIT,KONDZD01,CHENGC01
MCIT,KONDZD01,CHENGC01
MCIT,KONDZD01,CHENGC01
MCIT,KONDZD01,CHENGC01
MCIT,KONDZD01,CHENGC01
MCIT,KONDZD01,CHENGC01
MCIT,KONDZD01,CHENGC01
MCIT,KONDZD01,CHENGC01
MCIT,KONDZD01,CHENGC01
MCIT,KONDZD01,CHENGC01
MCIT,KONDZD01,CHENGC01
MCIT,KONDZD01,CHENGC01
MCIT,KONDZD01,CHENGC01
MCIT,KONDZD01,CHENGC01
MCIT,KONDZD01,CHENGC01
MCIT,KONDZD01,CHENGC01
MCIT,KONDZD01,CHENGC01
MCIT,KONDZD01,CHENGC01
MCIT,KONDZD01,CHENGC01
MCIT,KONDZD01,CHENGC01
MCIT,KONDZD01,CHENGC01
MCIT,KONDZD01,CHENGC01
MCIT,KONDZD01,CHENGC01
MCIT,KONDZD01,CHENGC01
MCIT,KONDZD01,CHENGC01
MCIT,KONDZD01,CHENGC01
MCIT,KONDZD01,CHENGC01
MCIT,KONDZD01,CHENGC01
MCIT,KONDZD01,CHENGC01
MCIT,KONDZD01,CHENGC01
MCIT,KONDZD01,CHENGC01
MCIT,KONDZD01,CHENGC01
MCIT,KONDZD01,CHENGC01
MCIT,KONDZD01,CHENGC01
MCIT,KONDZD01,CHENGC01
MCIT,KONDZD01,CHENGC01
MCIT,KONDZD01,CHENGC01
MCIT,KONDZD01,CHENGC01
MCIT,KONDZD01,CHENGC01
MCIT,KONDZD01,CHENGC01
MCIT,KONDZD01,CHENGC01
MCIT,KONDZD01,CHENGC01
MCIT,KONDZD01,CHENGC01
MCIT,KONDZD01,CHENGC01
MCIT,KONDZD01,CHENGC01
MCIT,KONDZD01,CHENGC01
MCIT,KONDZD01,CHENGC01
MCIT,KONDZD01,CHENGC01
MCIT,KONDZD01,CHENGC01
MCIT,KONDZD01,CHENGC01
MCIT,KONDZD01,CHENGC01
MCIT,KONDZD01,CHENGC01
MCIT,KONDZD01,CHENGC01
MCIT,KONDZD01,CHENGC01
MCIT,KONDZD01,CHENGC01
MCIT,KONDZD01,CHENGC01
MCIT,KONDZD01,CHENGC01
MCIT,KONDZD01,CHENGC01
MCIT,KONDZD01,CHENGC01
MCIT,KONDZD01,CHENGC01
MCIT,KONDZD01,CHENGC01
MCIT,KONDZD01,CHENGC01
MCIT,KONDZD01,CHENGC01
MCIT,KONDZD01,CHENGC01
MCIT,KONDZD01,CHENGC01
MCIT,KONDZD01,CHENGC01
MCIT,KONDZD01,CHENGC01
MCIT,KONDZD01,CHENGC01
MCIT,KONDZD01,CHENGC01
MCIT,KONDZD01,CHENGC01
MCIT,KONDZD01,CHENGC01
MCIT,KONDZD01,CHENGC01
MCIT,KONDZD01,CHENGC01
MCIT,KONDZD01,CHENGC01
MCIT,KONDZD01,CHENGC01
MCIT,KONDZD01,CHENGC01
MCIT,KONDZD01,CHENGC01
MCIT,KONDZD01,CHENGC01
MCIT,KONDZD01,CHENGC01
MCIT,KONDZD01,CHENGC01
MCIT,KONDZD01,CHENGC01
MCIT,KONDZD01,CHENGC01
MCIT,KONDZD01,CHENGC01
MCIT,KONDZD01,CHENGC01
MCIT,KONDZD01,CHENGC01
MCIT,KONDZD01,CHENGC01
MCIT,KONDZD01,CHENGC01
MCIT,KONDZD01,CHENGC01
MCIT,KONDZD01,CHENGC01
MCIT,KONDZD01,CHENGC01
MCIT,KONDZD01,CHENGC01
MCIT,KONDZD01,CHENGC01
MCIT,KONDZD01,CHENGC01
MCIT,KONDZD01,CHENGC01
MCIT,KONDZD01,CHENGC01
MCIT,KONDZD01,CHENGC01
MCIT,KONDZD01,CHENGC01
MCIT,KONDZD01,CHENGC01
MCIT,KONDZD01,CHENGC01
MCIT,KONDZD01,CHENGC01
MCIT,KONDZD01,CHENGC01
MCIT,KONDZD01,CHENGC01
MCIT,KONDZD01,CHENGC01
MCIT,KONDZD01,CHENGC01
MCIT,KONDZD01,CHENGC01
MCIT,KONDZD01,CHENGC01
MCIT,KONDZD01,CHENGC01
MCIT,KONDZD01,CHENGC01
MCIT,KONDZD01,CHENGC01
MCIT,KONDZD01,CHENGC01
MCIT,KONDZD01,CHENGC01
MCIT,KONDZD01,CHENGC01
MCIT,KONDZD01,CHENGC01
MCIT,KONDZD01,CHENGC01
MCIT,KONDZD01,CHENGC01
MCIT,KONDZD01,CHENGC01
MCIT,KONDZD01,CHENGC01
MCIT,KONDZD01,CHENGC01
MCIT,KONDZD01,CHENGC01
MCIT,KONDZD01,CHENGC01
MCIT,KONDZD01,CHENGC01
MCIT,KONDZD01,CHENGC01
MCIT,KONDZD01,CHENGC01
MCIT,KONDZD01,CHENGC01
MCIT,KONDZD01,CHENGC01
MCIT,KONDZD01,CHENGC01
MCIT,KONDZD01,CHENGC01
MCIT,KONDZD01,CHENGC01
MCIT,KONDZD01,CHENGC01
MCIT,KONDZD01,CHENGC01
MCIT,KONDZD01,CHENGC01
MCIT,KONDZD01,CHENGC01
MCIT,KONDZD01,CHENGC01
MCIT,KONDZD01,CHENGC01
MCIT,KONDZD01,CHENGC01
MCIT,KONDZD01,CHENGC01
MCIT,KONDZD01,CHENGC01
MCIT,KONDZD01,CHENGC01
MCIT,KONDZD01,CHENGC01
MCIT,KONDZD01,CHENGC01
MCIT,KONDZD01,CHENGC01
MCIT,KONDZD01,CHENGC01
MCIT,KONDZD01,CHENGC01
MCIT,KONDZD01,CHENGC01
MCIT,KONDZD01,CHENGC01
MCIT,KONDZD01,CHENGC01
MCIT,KONDZD01,CHENGC01
MCIT,KONDZD01,CHENGC01
MCIT,KONDZD01,CHENGC01
MCIT,KONDZD01,CHENGC01
MCIT,KONDZD01,CHENGC01
MCIT,KONDZD01,CHENGC01
MCIT,KONDZD01,CHENGC01
MCIT,KONDZD01,CHENGC01
MCIT,KONDZD01,CHENGC01
MCIT,KONDZD01,CHENGC01
MCIT,KONDZD01,CHENGC01
MCIT,KONDZD01,CHENGC01
MCIT,KONDZD01,CHENGC01
MCIT,KONDZD01,CHENGC01
MCIT,KONDZD01,CHENGC01
MCIT,KONDZD01,CHENGC01
MCIT,KONDZD01,CHENGC01
MCIT,KONDZD01,CHENGC01
MCIT,KONDZD01,CHENGC01
MCIT,KONDZD01,CHENGC01
MCIT,KONDZD01,CHENGC01
MCIT,KONDZD01,CHENGC01
MCIT,KONDZD01,CHENGC01
MCIT,KONDZD01,CHENGC01
MCIT,KONDZD01,CHENGC01
MCIT,KONDZD01,CHENGC01
MCIT,KONDZD01,CHENGC01
MCIT,KONDZD01,CHENGC01
MCIT,KONDZD01,CHENGC01
MCIT,KONDZD01,CHENGC01
MCIT,KONDZD01,CHENGC01
MCIT,KONDZD01,CHENGC01
MCIT,KONDZD01,CHENGC01
MCIT,KONDZD01,CHENGC01
MCIT,KONDZD01,CHENGC01
MCIT,KONDZD01,CHENGC01
MCIT,KONDZD01,CHENGC01
MCIT,KONDZD01,CHENGC01
MCIT,KONDZD01,CHENGC01
MCIT,KONDZD01,CHENGC01
MCIT,KONDZD01,CHENGC01
MCIT,KONDZD01,CHENGC01
MCIT,KONDZD01,CHENGC01
MCIT,KONDZD01,CHENGC01
MCIT,KONDZD01,CHENGC01
MCIT,KONDZD01,CHENGC01
MCIT,KONDZD01,CHENGC01
MCIT,KONDZD01,CHENGC01
MCIT,KONDZD01,CHENGC01
MCIT,KONDZD01,CHENGC01
MCIT,KONDZD01,CHENGC01
MCIT,KONDZD01,CHENGC01
MCIT,KONDZD01,CHENGC01
MCIT,KONDZD01,CHENGC01
MCIT,KONDZD01,CHENGC01
MCIT,KONDZD01,CHENGC01
MCIT,KONDZD01,CHENGC01
MCIT,KONDZD01,CHENGC01
MCIT,KONDZD01,CHENGC01
MCIT,KONDZD01,CHENGC01
MCIT,KONDZD01,CHENGC01
MCIT,KONDZD01,CHENGC01
MCIT,KONDZD01,CHENGC01
MCIT,KONDZD01,CHENGC01
MCIT,KONDZD01,CHENGC01
MCIT,KONDZD01,CHENGC01
MCIT,KONDZD01,CHENGC01
MCIT,KONDZD01,CHENGC01
MCIT,KONDZD01,CHENGC01
MCIT,KONDZD01,CHENGC01
MCIT,KONDZD01,CHENGC01
MCIT,KONDZD01,CHENGC01
MCIT,KONDZD01,CHENGC01
MCIT,KONDZD01,CHENGC01
MCIT,KONDZD01,CHENGC01
MCIT,KONDZD01,CHENGC01
MCIT,KONDZD01,CHENGC01
MCIT,KONDZD01,CHENGC01
MCIT,KONDZD01,CHENGC01
MCIT,KONDZD01,CHENGC01
MCIT,KONDZD01,CHENGC01
MCIT,KONDZD01,CHENGC01
MCIT,KONDZD01,CHENGC01
MCIT,KONDZD01,CHENGC01
MCIT,KONDZD01,CHENGC01
MCIT,KONDZD01,CHENGC01
MCIT,KONDZD01,CHENGC01
MCIT,KONDZD01,CHENGC01
MCIT,KONDZD01,CHENGC01
MCIT,KONDZD01,CHENGC01
MCIT,KONDZD01,CHENGC01
MCIT,KONDZD01,CHENGC01
MCIT,KONDZD01,CHENGC01
MCIT,KONDZD01,CHENGC01
MCIT,KONDZD01,CHENGC01
MCIT,KONDZD01,CHENGC01
MCIT,KONDZD01,CHENGC01
MCIT,KONDZD01,CHENGC01
MCIT,KONDZD01,CHENGC01
MCIT,KONDZD01,CHENGC01
MCIT,KONDZD01,CHENGC01
MCIT,KONDZD01,CHENGC01
MCIT,KONDZD01,CHENGC01
MCIT,KONDZD01,CHENGC01
MCIT,KONDZD01,CHENGC01
MCIT,KONDZD01,CHENGC01
MCIT,KONDZD01,CHENGC01
MCIT,KONDZD01,CHENGC01
MCIT,KONDZD01,CHENGC01
MCIT,KONDZD01,CHENGC01
MCIT,KONDZD01,CHENGC01
MCIT,KONDZD01,CHENGC01
MCIT,KONDZD01,CHENGC01
MCIT,KONDZD01,CHENGC01
MCIT,KONDZD01,CHENGC01
MCIT,KONDZD01,CHENGC01
MCIT,KONDZD01,CHENGC01
MCIT,KONDZD01,CHENGC01
MCIT,KONDZD01,CHENGC01
MCIT,KONDZD01,CHENGC01
MCIT,KONDZD01,CHENGC01
MCIT,KONDZD01,CHENGC01
MCIT,KONDZD01,CHENGC01
MCIT,KONDZD01,CHENGC01
MCIT,KONDZD01,CHENGC01
MCIT,KONDZD01,CHENGC01
MCIT,KONDZD01,CHENGC01
MCIT,KONDZD01,CHENGC01
MCIT,KONDZD01,CHENGC01
MCIT,KONDZD01,CHENGC01
MCIT,KONDZD01,CHENGC01
MCIT,KONDZD01,CHENGC01
MCIT,KONDZD01,CHENGC01
MCIT,KONDZD01,CHENGC01
MCIT,KONDZD01,CHENGC01
MCIT,KONDZD01,CHENGC01
MCIT,KONDZD01,CHENGC01
MCIT,KONDZD01,CHENGC01
MCIT,KONDZD01,CHENGC01
MCIT,KONDZD01,CHENGC01
MCIT,KONDZD01,CHENGC01
MCIT,KONDZD01,CHENGC01
MCIT,KONDZD01,CHENGC01
MCIT,KONDZD01,CHENGC01
MCIT,KONDZD01,CHENGC01
MCIT,KONDZD01,CHENGC01
MCIT,KONDZD01,CHENGC01
MCIT,KONDZD01,CHENGC01
MCIT,KONDZD01,CHENGC01
MCIT,KONDZD01,CHENGC01
MCIT,KONDZD01,CHENGC01
MCIT,KONDZD01,CHENGC01
MCIT,KONDZD01,CHENGC01
MCIT,KONDZD01,CHENGC01
MCIT,KONDZD01,CHENGC01
MCIT,KONDZD01,CHENGC01
MCIT,KONDZD01,CHENGC01
MCIT,KONDZD01,CHENGC01
MCIT,KONDZD01,CHENGC01
MCIT,KONDZD01,CHENGC01
MCIT,KONDZD01,CHENGC01
MCIT,KONDZD01,CHENGC01
MCIT,KONDZD01,CHENGC01
MCIT,KONDZD01,CHENGC01
MCIT,KONDZD01,CHENGC01
MCIT,KONDZD01,CHENGC01
MCIT,KONDZD01,CHENGC01
MCIT,KONDZD01,CHENGC01
MCIT,KONDZD01,CHENGC01
MCIT,KONDZD01,CHENGC01
MCIT,KONDZD01,CHENGC01
MCIT,KONDZD01,CHENGC01
MCIT,KONDZD01,CHENGC01
MCIT,KONDZD01,CHENGC01
MCIT,KONDZD01,CHENGC01
MCIT,KONDZD01,CHENGC01
MCIT,KONDZD01,CHENGC01
MCIT,KONDZD01,CHENGC01
MCIT,KONDZD01,CHENGC01
MCIT,KONDZD01,CHENGC01
MCIT,KONDZD01,CHENGC01
MCIT,KONDZD01,CHENGC01
MCIT,KONDZD01,CHENGC01
MCIT,KONDZD01,CHENGC01
MCIT,KONDZD01,CHENGC01
MCIT,KONDZD01,CHENGC01
MCIT,KONDZD01,CHENGC01
MCIT,KONDZD01,CHENGC01
MCIT,KONDZD01,CHENGC01
MCIT,KONDZD01,CHENGC01
MCIT,KONDZD01,CHENGC01
MCIT,KONDZD01,CHENGC01
MCIT,KONDZD01,CHENGC01
MCIT,KONDZD01,CHENGC01
MCIT,KONDZD01,CHENGC01
MCIT,KONDZD01,CHENGC01
MCIT,KONDZD01,CHENGC01
MCIT,KONDZD01,CHENGC01
MCIT,KONDZD01,CHENGC01
MCIT,KONDZD01,CHENGC01
MCIT,KONDZD01,CHENGC01
MCIT,KONDZD01,CHENGC01
MCIT,KONDZD01,CHENGC01
MCIT,KONDZD01,CHENGC01
MCIT,KONDZD01,CHENGC01
MCIT,KONDZD01,CHENGC01
MCIT,KONDZD01,CHENGC01
Neurosurgery,KONDZD01,CHENGC01
Neurosurgery,KONDZD01,CHENGC01
Neurosurgery,KONDZD01,CHENGC01
Neurosurgery,KONDZD01,CHENGC01
Neurosurgery,KONDZD01,CHENGC01
Neurosurgery,KONDZD01,CHENGC01
Neurosurgery,KONDZD01,CHENGC01
Neurosurgery,KONDZD01,CHENGC01
Neurosurgery,KONDZD01,CHENGC01
Neurosurgery,KONDZD01,CHENGC01
Neurosurgery,KONDZD01,CHENGC01
Neurosurgery,KONDZD01,CHENGC01
Neurosurgery,KONDZD01,CHENGC01
Neurosurgery,KONDZD01,CHENGC01
Neurosurgery,KONDZD01,CHENGC01
Neurosurgery,KONDZD01,CHENGC01
Neurosurgery,KONDZD01,CHENGC01
Neurosurgery,KONDZD01,CHENGC01
Neurosurgery,KONDZD01,CHENGC01
Neurosurgery,KONDZD01,CHENGC01
Neurosurgery,KONDZD01,CHENGC01
Neurosurgery,KONDZD01,CHENGC01
Neurosurgery,KONDZD01,CHENGC01
Neurosurgery,KONDZD01,CHENGC01
Neurosurgery,KONDZD01,CHENGC01
Neurosurgery,KONDZD01,CHENGC01
Neurosurgery,KONDZD01,CHENGC01
Neurosurgery,KONDZD01,CHENGC01
Neurosurgery,KONDZD01,CHENGC01
Neurosurgery,KONDZD01,CHENGC01
Neurosurgery,KONDZD01,CHENGC01
Neurosurgery,KONDZD01,CHENGC01
Neurosurgery,KONDZD01,CHENGC01
Neurosurgery,KONDZD01,CHENGC01
Neurosurgery,KONDZD01,CHENGC01
Neurosurgery,KONDZD01,CHENGC01
Neurosurgery,KONDZD01,CHENGC01
Neurosurgery,KONDZD01,CHENGC01
Neurosurgery,KONDZD01,CHENGC01
Neurosurgery,KONDZD01,CHENGC01
Neurosurgery,KONDZD01,CHENGC01
Neurosurgery,KONDZD01,CHENGC01
Neurosurgery,KONDZD01,CHENGC01
Neurosurgery,KONDZD01,CHENGC01
Neurosurgery,KONDZD01,CHENGC01
Neurosurgery,KONDZD01,CHENGC01
Neurosurgery,KONDZD01,CHENGC01
Neurosurgery,KONDZD01,CHENGC01
Neurosurgery,KONDZD01,CHENGC01
Neurosurgery,KONDZD01,CHENGC01
Neurosurgery,KONDZD01,CHENGC01
Neurosurgery,KONDZD01,CHENGC01
Neurosurgery,KONDZD01,CHENGC01
Neurosurgery,KONDZD01,CHENGC01
Neurosurgery,KONDZD01,CHENGC01
Neurosurgery,KONDZD01,CHENGC01
Neurosurgery,KONDZD01,CHENGC01
Neurosurgery,KONDZD01,CHENGC01
Neurosurgery,KONDZD01,CHENGC01
Neurosurgery,KONDZD01,CHENGC01
Neurosurgery,KONDZD01,CHENGC01
Neurosurgery,KONDZD01,CHENGC01
Neurosurgery,KONDZD01,CHENGC01
Neurosurgery,KONDZD01,CHENGC01
Neurosurgery,KONDZD01,CHENGC01
Neurosurgery,KONDZD01,CHENGC01
Neurosurgery,KONDZD01,CHENGC01
Neurosurgery,KONDZD01,CHENGC01
Neurosurgery,KONDZD01,CHENGC01
Neurosurgery,KONDZD01,CHENGC01
Neurosurgery,KONDZD01,CHENGC01
Neurosurgery,KONDZD01,CHENGC01
Neurosurgery,KONDZD01,CHENGC01
Neurosurgery,KONDZD01,CHENGC01
Neurosurgery,KONDZD01,CHENGC01
Neurosurgery,KONDZD01,CHENGC01
Neurosurgery,KONDZD01,CHENGC01
Neurosurgery,KONDZD01,CHENGC01
Neurosurgery,KONDZD01,CHENGC01
Neurosurgery,KONDZD01,CHENGC01
Neurosurgery,KONDZD01,CHENGC01
Neurosurgery,KONDZD01,CHENGC01
Neurosurgery,KONDZD01,CHENGC01
Neurosurgery,KONDZD01,CHENGC01
Neurosurgery,KONDZD01,CHENGC01
Neurosurgery,KONDZD01,CHENGC01
Neurosurgery,KONDZD01,CHENGC01
Neurosurgery,KONDZD01,CHENGC01
Neurosurgery,KONDZD01,CHENGC01
Neurosurgery,KONDZD01,CHENGC01
Neurosurgery,KONDZD01,CHENGC01
Neurosurgery,KONDZD01,CHENGC01
Neurosurgery,KONDZD01,CHENGC01
Neurosurgery,KONDZD01,CHENGC01
Neurosurgery,KONDZD01,CHENGC01
Neurosurgery,KONDZD01,CHENGC01
Neurosurgery,KONDZD01,CHENGC01
Neurosurgery,KONDZD01,CHENGC01
Neurosurgery,KONDZD01,CHENGC01
Neurosurgery,KONDZD01,CHENGC01
Neurosurgery,KONDZD01,CHENGC01
Neurosurgery,KONDZD01,CHENGC01
Neurosurgery,KONDZD01,CHENGC01
Neurosurgery,KONDZD01,CHENGC01
Neurosurgery,KONDZD01,CHENGC01
Neurosurgery,KONDZD01,CHENGC01
Neurosurgery,KONDZD01,CHENGC01
Neurosurgery,KONDZD01,CHENGC01
Neurosurgery,KONDZD01,CHENGC01
Neurosurgery,KONDZD01,CHENGC01
Neurosurgery,KONDZD01,CHENGC01
Neurosurgery,KONDZD01,CHENGC01
Neurosurgery,KONDZD01,CHENGC01
Neurosurgery,KONDZD01,CHENGC01
Neurosurgery,KONDZD01,CHENGC01
Neurosurgery,KONDZD01,CHENGC01
Neurosurgery,KONDZD01,CHENGC01
Neurosurgery,KONDZD01,CHENGC01
Neurosurgery,KONDZD01,CHENGC01
Neurosurgery,KONDZD01,CHENGC01
Neurosurgery,KONDZD01,CHENGC01
Neurosurgery,KONDZD01,CHENGC01
Neurosurgery,KONDZD01,CHENGC01
Neurosurgery,KONDZD01,CHENGC01
Neurosurgery,KONDZD01,CHENGC01
Neurosurgery,KONDZD01,CHENGC01
Neurosurgery,KONDZD01,CHENGC01
Neurosurgery,KONDZD01,CHENGC01
Neurosurgery,KONDZD01,CHENGC01
Neurosurgery,KONDZD01,CHENGC01
Neurosurgery,KONDZD01,CHENGC01
Neurosurgery,KONDZD01,CHENGC01
Neurosurgery,KONDZD01,CHENGC01
Neurosurgery,KONDZD01,CHENGC01
Neurosurgery,KONDZD01,CHENGC01
Neurosurgery,KONDZD01,CHENGC01
Neurosurgery,KONDZD01,CHENGC01
Neurosurgery,KONDZD01,CHENGC01
Neurosurgery,KONDZD01,CHENGC01
Neurosurgery,KONDZD01,CHENGC01
Neurosurgery,KONDZD01,CHENGC01
Neurosurgery,KONDZD01,CHENGC01
Neurosurgery,KONDZD01,CHENGC01
Neurosurgery,KONDZD01,CHENGC01
Neurosurgery,KONDZD01,taoh02
Neurosurgery,KONDZD01,taoh02
Neurosurgery,KONDZD01,taoh02
Neurosurgery,KONDZD01,taoh02
Neurosurgery,KONDZD01,taoh02
Neurosurgery,KONDZD01,taoh02
Neurosurgery,KONDZD01,taoh02
Neurosurgery,KONDZD01,taoh02
Neurosurgery,KONDZD01,taoh02
Neurosurgery,KONDZD01,taoh02
Neurosurgery,KONDZD01,taoh02
Neurosurgery,KONDZD01,taoh02
Neurosurgery,KONDZD01,taoh02
Neurosurgery,KONDZD01,taoh02
Neurosurgery,KONDZD01,taoh02
Neurosurgery,KONDZD01,taoh02
Neurosurgery,KONDZD01,taoh02
Neurosurgery,KONDZD01,taoh02
Neurosurgery,KONDZD01,taoh02
Neurosurgery,KONDZD01,taoh02
Neurosurgery,KONDZD01,taoh02
Neurosurgery,KONDZD01,taoh02
Neurosurgery,KONDZD01,taoh02
Neurosurgery,KONDZD01,taoh02
Neurosurgery,KONDZD01,taoh02
Neurosurgery,KONDZD01,taoh02
Neurosurgery,KONDZD01,taoh02
Neurosurgery,KONDZD01,taoh02
Neurosurgery,KONDZD01,taoh02
Neurosurgery,KONDZD01,taoh02
Neurosurgery,KONDZD01,taoh02
Neurosurgery,KONDZD01,taoh02
Neurosurgery,KONDZD01,taoh02
Neurosurgery,KONDZD01,taoh02
Neurosurgery,KONDZD01,taoh02
Neurosurgery,KONDZD01,taoh02
Neurosurgery,KONDZD01,taoh02
Neurosurgery,KONDZD01,taoh02
Neurosurgery,KONDZD01,taoh02
Neurosurgery,KONDZD01,taoh02
Neurosurgery,KONDZD01,taoh02
Neurosurgery,KONDZD01,taoh02
Neurosurgery,KONDZD01,taoh02
Neurosurgery,KONDZD01,taoh02
Neurosurgery,KONDZD01,taoh02
Neurosurgery,KONDZD01,taoh02
Neurosurgery,KONDZD01,taoh02
Neurosurgery,KONDZD01,taoh02
Neurosurgery,KONDZD01,taoh02
Neurosurgery,KONDZD01,taoh02
Neurosurgery,KONDZD01,taoh02
Neurosurgery,KONDZD01,taoh02
Neurosurgery,KONDZD01,taoh02
Neurosurgery,KONDZD01,taoh02
Neurosurgery,KONDZD01,taoh02
Neurosurgery,KONDZD01,taoh02
Neurosurgery,KONDZD01,taoh02
Neurosurgery,KONDZD01,taoh02
Neurosurgery,KONDZD01,taoh02
Neurosurgery,KONDZD01,taoh02
Neurosurgery,KONDZD01,taoh02
Neurosurgery,KONDZD01,taoh02
Neurosurgery,KONDZD01,taoh02
Neurosurgery,KONDZD01,taoh02
Neurosurgery,KONDZD01,taoh02
Neurosurgery,KONDZD01,taoh02
Neurosurgery,KONDZD01,taoh02
Neurosurgery,KONDZD01,taoh02
Neurosurgery,KONDZD01,taoh02
Neurosurgery,KONDZD01,taoh02
Neurosurgery,KONDZD01,taoh02
Neurosurgery,KONDZD01,taoh02
Neurosurgery,KONDZD01,taoh02
Neurosurgery,KONDZD01,taoh02
Neurosurgery,KONDZD01,taoh02
Neurosurgery,KONDZD01,taoh02
Neurosurgery,KONDZD01,taoh02
Neurosurgery,KONDZD01,taoh02
Neurosurgery,KONDZD01,taoh02
Neurosurgery,KONDZD01,taoh02
Neurosurgery,KONDZD01,taoh02
Neurosurgery,KONDZD01,taoh02
Neurosurgery,KONDZD01,taoh02
Neurosurgery,KONDZD01,taoh02
Neurosurgery,KONDZD01,taoh02
Neurosurgery,KONDZD01,taoh02
Neurosurgery,KONDZD01,taoh02
Neurosurgery,KONDZD01,taoh02
Neurosurgery,KONDZD01,taoh02
Neurosurgery,KONDZD01,taoh02
Neurosurgery,KONDZD01,taoh02
Neurosurgery,KONDZD01,taoh02
Neurosurgery,KONDZD01,taoh02
Neurosurgery,KONDZD01,taoh02
Neurosurgery,KONDZD01,taoh02
Neurosurgery,KONDZD01,taoh02
Neurosurgery,KONDZD01,taoh02
Neurosurgery,KONDZD01,taoh02
Neurosurgery,KONDZD01,taoh02
Neurosurgery,KONDZD01,taoh02
Neurosurgery,KONDZD01,taoh02
Neurosurgery,KONDZD01,taoh02
Neurosurgery,KONDZD01,taoh02
Neurosurgery,KONDZD01,taoh02
Neurosurgery,KONDZD01,taoh02
Neurosurgery,KONDZD01,taoh02
Neurosurgery,KONDZD01,taoh02
Neurosurgery,KONDZD01,taoh02
Neurosurgery,KONDZD01,taoh02
Neurosurgery,KONDZD01,taoh02
Neurosurgery,KONDZD01,taoh02
Neurosurgery,KONDZD01,taoh02
Neurosurgery,KONDZD01,taoh02
Neurosurgery,KONDZD01,taoh02
Neurosurgery,KONDZD01,taoh02
Neurosurgery,KONDZD01,taoh02
Neurosurgery,KONDZD01,taoh02
Neurosurgery,KONDZD01,taoh02
Neurosurgery,KONDZD01,taoh02
Neurosurgery,KONDZD01,taoh02
Neurosurgery,KONDZD01,taoh02
Neurosurgery,KONDZD01,taoh02
Neurosurgery,KONDZD01,taoh02
Neurosurgery,KONDZD01,taoh02
Neurosurgery,KONDZD01,taoh02
Neurosurgery,KONDZD01,taoh02
Neurosurgery,KONDZD01,taoh02
Neurosurgery,KONDZD01,taoh02
Neurosurgery,KONDZD01,taoh02
Neurosurgery,KONDZD01,taoh02
Neurosurgery,KONDZD01,taoh02
Neurosurgery,KONDZD01,taoh02
Neurosurgery,KONDZD01,taoh02
Neurosurgery,KONDZD01,taoh02
Neurosurgery,KONDZD01,taoh02
Neurosurgery,KONDZD01,taoh02
Neurosurgery,KONDZD01,taoh02
Neurosurgery,KONDZD01,taoh02
Neurosurgery,KONDZD01,taoh02
Neurosurgery,KONDZD01,taoh02
Neurosurgery,KONDZD01,taoh02
Neurosurgery,KONDZD01,taoh02
Neurosurgery,KONDZD01,taoh02
Neurosurgery,KONDZD01,taoh02
Neurosurgery,KONDZD01,taoh02
Neurosurgery,KONDZD01,taoh02
Neurosurgery,KONDZD01,taoh02
Neurosurgery,KONDZD01,taoh02
Neurosurgery,KONDZD01,taoh02
Neurosurgery,KONDZD01,taoh02
Neurosurgery,KONDZD01,taoh02
Neurosurgery,KONDZD01,taoh02
Neurosurgery,KONDZD01,taoh02
Neurosurgery,KONDZD01,taoh02
Neurosurgery,KONDZD01,taoh02
Neurosurgery,KONDZD01,taoh02
Neurosurgery,KONDZD01,taoh02
Neurosurgery,KONDZD01,taoh02
Neurosurgery,KONDZD01,taoh02
Neurosurgery,KONDZD01,taoh02
Neurosurgery,KONDZD01,taoh02
Neurosurgery,KONDZD01,taoh02
Neurosurgery,KONDZD01,taoh02
Neurosurgery,KONDZD01,taoh02
Neurosurgery,KONDZD01,taoh02
Neurosurgery,KONDZD01,taoh02
Neurosurgery,KONDZD01,taoh02
Neurosurgery,KONDZD01,taoh02
Neurosurgery,KONDZD01,taoh02
Neurosurgery,KONDZD01,taoh02
Neurosurgery,KONDZD01,taoh02
Neurosurgery,KONDZD01,taoh02
Neurosurgery,KONDZD01,taoh02
Neurosurgery,KONDZD01,taoh02
Neurosurgery,KONDZD01,taoh02
Neurosurgery,KONDZD01,taoh02
Neurosurgery,KONDZD01,taoh02
Neurosurgery,KONDZD01,taoh02
Neurosurgery,KONDZD01,taoh02
Neurosurgery,KONDZD01,taoh02
Neurosurgery,KONDZD01,taoh02
Neurosurgery,KONDZD01,taoh02
Neurosurgery,KONDZD01,taoh02
Neurosurgery,KONDZD01,taoh02
Neurosurgery,KONDZD01,taoh02
Neurosurgery,KONDZD01,taoh02
Neurosurgery,KONDZD01,taoh02
Neurosurgery,KONDZD01,taoh02
Neurosurgery,KONDZD01,taoh02
Neurosurgery,KONDZD01,taoh02
Neurosurgery,KONDZD01,taoh02
Neurosurgery,KONDZD01,taoh02
Neurosurgery,KONDZD01,taoh02
Neurosurgery,KONDZD01,taoh02
Neurosurgery,KONDZD01,taoh02
Neurosurgery,KONDZD01,taoh02
Neurosurgery,KONDZD01,taoh02
Neurosurgery,KONDZD01,taoh02
Neurosurgery,KONDZD01,taoh02
Neurosurgery,KONDZD01,taoh02
Neurosurgery,KONDZD01,taoh02
Neurosurgery,KONDZD01,taoh02
Neurosurgery,KONDZD01,taoh02
Neurosurgery,KONDZD01,taoh02
Neurosurgery,KONDZD01,taoh02
Neurosurgery,KONDZD01,taoh02
Neurosurgery,KONDZD01,taoh02
Neurosurgery,KONDZD01,taoh02
Neurosurgery,KONDZD01,taoh02
Neurosurgery,KONDZD01,taoh02
Neurosurgery,KONDZD01,taoh02
Neurosurgery,KONDZD01,taoh02
Neurosurgery,KONDZD01,taoh02
Neurosurgery,KONDZD01,taoh02
Neurosurgery,KONDZD01,taoh02
Neurosurgery,KONDZD01,taoh02
Neurosurgery,KONDZD01,taoh02
Neurosurgery,KONDZD01,taoh02
Neurosurgery,KONDZD01,taoh02
Neurosurgery,KONDZD01,taoh02
Neurosurgery,KONDZD01,taoh02
Neurosurgery,KONDZD01,taoh02
Neurosurgery,KONDZD01,taoh02
Neurosurgery,KONDZD01,taoh02
Neurosurgery,KONDZD01,taoh02
Neurosurgery,KONDZD01,taoh02
Neurosurgery,KONDZD01,taoh02
Neurosurgery,KONDZD01,taoh02
Neurosurgery,KONDZD01,taoh02
Neurosurgery,KONDZD01,taoh02
Neurosurgery,KONDZD01,taoh02
Neurosurgery,KONDZD01,taoh02
Neurosurgery,KONDZD01,taoh02
Neurosurgery,KONDZD01,taoh02
Neurosurgery,KONDZD01,taoh02
Neurosurgery,KONDZD01,taoh02
Neurosurgery,KONDZD01,taoh02
Neurosurgery,KONDZD01,taoh02
Neurosurgery,KONDZD01,taoh02
Neurosurgery,KONDZD01,taoh02
Neurosurgery,KONDZD01,taoh02
Neurosurgery,KONDZD01,taoh02
Neurosurgery,KONDZD01,taoh02
Neurosurgery,KONDZD01,taoh02
Neurosurgery,KONDZD01,taoh02
Neurosurgery,KONDZD01,taoh02
Neurosurgery,KONDZD01,taoh02
Neurosurgery,KONDZD01,taoh02
Neurosurgery,KONDZD01,taoh02
Neurosurgery,KONDZD01,taoh02
Neurosurgery,KONDZD01,taoh02
Neurosurgery,KONDZD01,taoh02
Neurosurgery,KONDZD01,taoh02
Neurosurgery,KONDZD01,taoh02
Neurosurgery,KONDZD01,taoh02
Neurosurgery,KONDZD01,taoh02
Neurosurgery,KONDZD01,taoh02
Neurosurgery,KONDZD01,taoh02
Neurosurgery,KONDZD01,taoh02
Neurosurgery,KONDZD01,taoh02
Neurosurgery,KONDZD01,taoh02
Neurosurgery,KONDZD01,taoh02
Neurosurgery,KONDZD01,taoh02
Neurosurgery,KONDZD01,taoh02
Neurosurgery,KONDZD01,taoh02
Neurosurgery,KONDZD01,taoh02
Neurosurgery,KONDZD01,taoh02
Neurosurgery,KONDZD01,taoh02
Neurosurgery,KONDZD01,taoh02
Neurosurgery,KONDZD01,taoh02
Neurosurgery,KONDZD01,taoh02
Neurosurgery,KONDZD01,taoh02
Neurosurgery,KONDZD01,taoh02
Neurosurgery,KONDZD01,taoh02
Neurosurgery,KONDZD01,taoh02
Neurosurgery,KONDZD01,taoh02
Neurosurgery,KONDZD01,taoh02
Neurosurgery,KONDZD01,taoh02
Neurosurgery,KONDZD01,taoh02
Neurosurgery,KONDZD01,taoh02
Neurosurgery,KONDZD01,taoh02
Neurosurgery,KONDZD01,taoh02
Neurosurgery,KONDZD01,taoh02
Neurosurgery,KONDZD01,taoh02
Neurosurgery,KONDZD01,taoh02
Neurosurgery,KONDZD01,taoh02
Neurosurgery,KONDZD01,taoh02
Neurosurgery,KONDZD01,taoh02
Neurosurgery,KONDZD01,taoh02
Neurosurgery,KONDZD01,taoh02
Neurosurgery,KONDZD01,taoh02
Neurosurgery,KONDZD01,taoh02
Neurosurgery,KONDZD01,taoh02
Neurosurgery,KONDZD01,taoh02
Neurosurgery,KONDZD01,taoh02
Neurosurgery,KONDZD01,taoh02
Neurosurgery,KONDZD01,taoh02
Neurosurgery,KONDZD01,taoh02
Neurosurgery,KONDZD01,taoh02
Neurosurgery,KONDZD01,taoh02
Neurosurgery,KONDZD01,taoh02
Neurosurgery,KONDZD01,taoh02
Neurosurgery,KONDZD01,taoh02
Neurosurgery,KONDZD01,taoh02
Neurosurgery,KONDZD01,taoh02
Neurosurgery,KONDZD01,taoh02
Neurosurgery,KONDZD01,taoh02
Neurosurgery,KONDZD01,taoh02
Neurosurgery,KONDZD01,taoh02
Neurosurgery,KONDZD01,taoh02
Neurosurgery,KONDZD01,taoh02
Neurosurgery,KONDZD01,taoh02
Neurosurgery,KONDZD01,taoh02
Neurosurgery,KONDZD01,taoh02
Neurosurgery,KONDZD01,taoh02
Neurosurgery,KONDZD01,taoh02
Neurosurgery,KONDZD01,taoh02
Neurosurgery,KONDZD01,taoh02
Neurosurgery,KONDZD01,taoh02
Neurosurgery,KONDZD01,taoh02
Neurosurgery,KONDZD01,taoh02
Neurosurgery,KONDZD01,taoh02
Neurosurgery,KONDZD01,taoh02
Neurosurgery,KONDZD01,taoh02
Neurosurgery,KONDZD01,taoh02
Neurosurgery,KONDZD01,taoh02
Neurosurgery,KONDZD01,taoh02
Neurosurgery,KONDZD01,taoh02
Neurosurgery,KONDZD01,taoh02
Neurosurgery,KONDZD01,taoh02
Neurosurgery,KONDZD01,taoh02
Neurosurgery,KONDZD01,taoh02
Neurosurgery,KONDZD01,taoh02
Neurosurgery,KONDZD01,taoh02
Neurosurgery,KONDZD01,taoh02
Neurosurgery,KONDZD01,taoh02
Neurosurgery,KONDZD01,taoh02
Neurosurgery,KONDZD01,taoh02
Neurosurgery,KONDZD01,taoh02
Neurosurgery,KONDZD01,taoh02
Neurosurgery,KONDZD01,taoh02
Neurosurgery,KONDZD01,taoh02
Neurosurgery,KONDZD01,taoh02
Neurosurgery,KONDZD01,taoh02
Neurosurgery,KONDZD01,taoh02
Neurosurgery,KONDZD01,taoh02
Neurosurgery,KONDZD01,taoh02
Neurosurgery,KONDZD01,taoh02
Neurosurgery,KONDZD01,taoh02
Neurosurgery,KONDZD01,taoh02
Neurosurgery,KONDZD01,taoh02
Neurosurgery,KONDZD01,taoh02
Neurosurgery,KONDZD01,taoh02
Neurosurgery,KONDZD01,taoh02
Neurosurgery,KONDZD01,taoh02
Neurosurgery,KONDZD01,taoh02
Neurosurgery,KONDZD01,taoh02
Neurosurgery,KONDZD01,taoh02
Neurosurgery,KONDZD01,taoh02
Neurosurgery,KONDZD01,taoh02
Neurosurgery,KONDZD01,taoh02
Neurosurgery,KONDZD01,taoh02
Neurosurgery,KONDZD01,taoh02
Neurosurgery,KONDZD01,taoh02
Neurosurgery,KONDZD01,taoh02
Neurosurgery,KONDZD01,taoh02
Neurosurgery,KONDZD01,taoh02
Neurosurgery,KONDZD01,taoh02
Neurosurgery,KONDZD01,taoh02
Neurosurgery,KONDZD01,taoh02
Neurosurgery,KONDZD01,taoh02
Neurosurgery,KONDZD01,taoh02
Neurosurgery,KONDZD01,taoh02
Neurosurgery,KONDZD01,taoh02
Neurosurgery,KONDZD01,taoh02
Neurosurgery,KONDZD01,taoh02
Neurosurgery,KONDZD01,taoh02
Neurosurgery,KONDZD01,taoh02
Neurosurgery,KONDZD01,taoh02
Neurosurgery,KONDZD01,taoh02
Neurosurgery,KONDZD01,taoh02
Neurosurgery,KONDZD01,taoh02
Neurosurgery,KONDZD01,taoh02
Neurosurgery,KONDZD01,taoh02
Neurosurgery,KONDZD01,taoh02
Neurosurgery,KONDZD01,taoh02
Neurosurgery,KONDZD01,taoh02
Neurosurgery,KONDZD01,taoh02
Neurosurgery,KONDZD01,taoh02
Neurosurgery,KONDZD01,taoh02
Neurosurgery,KONDZD01,taoh02
Neurosurgery,KONDZD01,taoh02
Neurosurgery,KONDZD01,taoh02
Neurosurgery,KONDZD01,taoh02
Neurosurgery,KONDZD01,taoh02
Neurosurgery,KONDZD01,taoh02
Neurosurgery,KONDZD01,taoh02
Neurosurgery,KONDZD01,taoh02
Neurosurgery,KONDZD01,taoh02
Neurosurgery,KONDZD01,taoh02
Neurosurgery,KONDZD01,taoh02
Neurosurgery,KONDZD01,taoh02
Neurosurgery,KONDZD01,taoh02
Neurosurgery,KONDZD01,taoh02
Neurosurgery,KONDZD01,taoh02
Neurosurgery,KONDZD01,taoh02
Neurosurgery,KONDZD01,taoh02
Neurosurgery,KONDZD01,taoh02
Neurosurgery,KONDZD01,taoh02
Neurosurgery,KONDZD01,taoh02
Neurosurgery,KONDZD01,taoh02
Neurosurgery,KONDZD01,taoh02
Neurosurgery,KONDZD01,taoh02
Neurosurgery,KONDZD01,taoh02
Neurosurgery,KONDZD01,taoh02
Neurosurgery,KONDZD01,taoh02
Neurosurgery,KONDZD01,taoh02
Neurosurgery,KONDZD01,taoh02
Neurosurgery,KONDZD01,taoh02
Neurosurgery,KONDZD01,taoh02
Neurosurgery,KONDZD01,taoh02
Neurosurgery,KONDZD01,taoh02
Neurosurgery,KONDZD01,taoh02
Neurosurgery,KONDZD01,taoh02
Neurosurgery,KONDZD01,taoh02
Neurosurgery,KONDZD01,taoh02
Neurosurgery,KONDZD01,taoh02
Neurosurgery,KONDZD01,taoh02
Neurosurgery,KONDZD01,taoh02
Neurosurgery,KONDZD01,taoh02
Neurosurgery,KONDZD01,taoh02
Neurosurgery,KONDZD01,taoh02
Neurosurgery,KONDZD01,taoh02
Neurosurgery,KONDZD01,taoh02
Neurosurgery,KONDZD01,taoh02
Neurosurgery,KONDZD01,taoh02
Neurosurgery,KONDZD01,taoh02
Neurosurgery,KONDZD01,taoh02
Neurosurgery,KONDZD01,taoh02
Neurosurgery,KONDZD01,taoh02
Neurosurgery,KONDZD01,taoh02
Neurosurgery,KONDZD01,taoh02
Neurosurgery,KONDZD01,taoh02
Neurosurgery,KONDZD01,taoh02
Neurosurgery,KONDZD01,taoh02
Neurosurgery,KONDZD01,taoh02
Neurosurgery,KONDZD01,taoh02
Neurosurgery,KONDZD01,taoh02
Neurosurgery,KONDZD01,taoh02
Neurosurgery,KONDZD01,taoh02
Neurosurgery,KONDZD01,taoh02
Neurosurgery,KONDZD01,taoh02
Neurosurgery,KONDZD01,taoh02
Neurosurgery,KONDZD01,taoh02
Neurosurgery,KONDZD01,taoh02
Neurosurgery,KONDZD01,taoh02
Neurosurgery,KONDZD01,taoh02
Neurosurgery,KONDZD01,taoh02
Neurosurgery,KONDZD01,taoh02
Neurosurgery,KONDZD01,taoh02
Neurosurgery,KONDZD01,taoh02
Neurosurgery,KONDZD01,taoh02
Neurosurgery,KONDZD01,taoh02
Neurosurgery,KONDZD01,taoh02
Neurosurgery,KONDZD01,taoh02
Neurosurgery,KONDZD01,taoh02
Neurosurgery,KONDZD01,taoh02
Neurosurgery,KONDZD01,taoh02
Neurosurgery,KONDZD01,taoh02
Neurosurgery,KONDZD01,taoh02
Neurosurgery,KONDZD01,taoh02
Neurosurgery,KONDZD01,taoh02
Neurosurgery,KONDZD01,taoh02
Neurosurgery,KONDZD01,taoh02
Neurosurgery,KONDZD01,taoh02
Neurosurgery,KONDZD01,taoh02
Neurosurgery,KONDZD01,taoh02
Neurosurgery,KONDZD01,taoh02
Neurosurgery,KONDZD01,taoh02
Neurosurgery,KONDZD01,taoh02
Neurosurgery,KONDZD01,taoh02
Neurosurgery,KONDZD01,taoh02
Neurosurgery,KONDZD01,taoh02
Neurosurgery,KONDZD01,taoh02
Neurosurgery,KONDZD01,taoh02
Neurosurgery,KONDZD01,taoh02
Neurosurgery,KONDZD01,taoh02
Neurosurgery,KONDZD01,taoh02
Neurosurgery,KONDZD01,taoh02
Neurosurgery,KONDZD01,taoh02
Neurosurgery,KONDZD01,taoh02
Neurosurgery,KONDZD01,taoh02
Neurosurgery,KONDZD01,taoh02
Neurosurgery,KONDZD01,taoh02
Neurosurgery,KONDZD01,taoh02
Neurosurgery,KONDZD01,taoh02
Neurosurgery,KONDZD01,taoh02
Neurosurgery,KONDZD01,taoh02
Neurosurgery,KONDZD01,taoh02
Neurosurgery,KONDZD01,taoh02
Neurosurgery,KONDZD01,taoh02
Neurosurgery,KONDZD01,taoh02
Neurosurgery,KONDZD01,taoh02
Neurosurgery,KONDZD01,taoh02
Neurosurgery,KONDZD01,taoh02
Neurosurgery,KONDZD01,taoh02
Neurosurgery,KONDZD01,taoh02
Neurosurgery,KONDZD01,taoh02
Neurosurgery,KONDZD01,taoh02
Neurosurgery,KONDZD01,taoh02
Neurosurgery,KONDZD01,taoh02
Neurosurgery,KONDZD01,taoh02
Neurosurgery,KONDZD01,taoh02
Neurosurgery,KONDZD01,taoh02
Neurosurgery,KONDZD01,taoh02
Neurosurgery,KONDZD01,taoh02
Neurosurgery,KONDZD01,taoh02
Neurosurgery,KONDZD01,taoh02
Neurosurgery,KONDZD01,taoh02
Neurosurgery,KONDZD01,taoh02
Neurosurgery,KONDZD01,taoh02
Neurosurgery,KONDZD01,taoh02
Neurosurgery,KONDZD01,taoh02
Neurosurgery,KONDZD01,taoh02
Neurosurgery,KONDZD01,taoh02
Neurosurgery,KONDZD01,taoh02
Neurosurgery,KONDZD01,taoh02
Neurosurgery,KONDZD01,taoh02
Neurosurgery,KONDZD01,taoh02
Neurosurgery,KONDZD01,taoh02
Neurosurgery,KONDZD01,taoh02
Neurosurgery,KONDZD01,taoh02
Neurosurgery,KONDZD01,taoh02
Neurosurgery,KONDZD01,taoh02
Neurosurgery,KONDZD01,taoh02
Neurosurgery,KONDZD01,taoh02
Neurosurgery,KONDZD01,taoh02
Neurosurgery,KONDZD01,taoh02
Neurosurgery,KONDZD01,taoh02
Neurosurgery,KONDZD01,taoh02
Neurosurgery,KONDZD01,taoh02
Neurosurgery,KONDZD01,taoh02
Neurosurgery,KONDZD01,taoh02
Neurosurgery,KONDZD01,taoh02
Neurosurgery,KONDZD01,taoh02
Neurosurgery,KONDZD01,taoh02
Neurosurgery,KONDZD01,taoh02
Neurosurgery,KONDZD01,taoh02
Neurosurgery,KONDZD01,taoh02
Neurosurgery,KONDZD01,taoh02
Neurosurgery,KONDZD01,taoh02
Neurosurgery,KONDZD01,taoh02
Neurosurgery,KONDZD01,taoh02
Neurosurgery,KONDZD01,taoh02
Neurosurgery,KONDZD01,taoh02
Neurosurgery,KONDZD01,taoh02
Neurosurgery,KONDZD01,taoh02
Neurosurgery,KONDZD01,taoh02
Neurosurgery,KONDZD01,taoh02
Neurosurgery,KONDZD01,taoh02
Neurosurgery,KONDZD01,taoh02
Neurosurgery,KONDZD01,taoh02
Neurosurgery,KONDZD01,taoh02
Neurosurgery,KONDZD01,taoh02
Neurosurgery,KONDZD01,taoh02
Neurosurgery,KONDZD01,taoh02
Neurosurgery,KONDZD01,taoh02
Neurosurgery,KONDZD01,taoh02
Neurosurgery,KONDZD01,taoh02
Neurosurgery,KONDZD01,taoh02
Neurosurgery,KONDZD01,taoh02
Neurosurgery,KONDZD01,taoh02
Neurosurgery,KONDZD01,taoh02
Neurosurgery,KONDZD01,taoh02
Neurosurgery,KONDZD01,taoh02
Neurosurgery,KONDZD01,taoh02
Neurosurgery,KONDZD01,taoh02
Neurosurgery,KONDZD01,taoh02
Neurosurgery,KONDZD01,taoh02
Neurosurgery,KONDZD01,taoh02
Neurosurgery,KONDZD01,taoh02
Neurosurgery,KONDZD01,taoh02
Neurosurgery,KONDZD01,taoh02
Neurosurgery,KONDZD01,taoh02
Neurosurgery,KONDZD01,taoh02
Neurosurgery,KONDZD01,taoh02
Neurosurgery,KONDZD01,taoh02
Neurosurgery,KONDZD01,taoh02
Neurosurgery,KONDZD01,taoh02
Neurosurgery,KONDZD01,taoh02
Neurosurgery,KONDZD01,taoh02
Neurosurgery,KONDZD01,taoh02
Neurosurgery,KONDZD01,taoh02
Neurosurgery,KONDZD01,taoh02
Neurosurgery,KONDZD01,taoh02
Neurosurgery,KONDZD01,taoh02
Neurosurgery,KONDZD01,taoh02
Neurosurgery,KONDZD01,taoh02
Neurosurgery,KONDZD01,taoh02
Neurosurgery,KONDZD01,taoh02
Neurosurgery,KONDZD01,taoh02
Neurosurgery,KONDZD01,taoh02
Neurosurgery,KONDZD01,taoh02
Neurosurgery,KONDZD01,taoh02
Neurosurgery,KONDZD01,taoh02
Neurosurgery,KONDZD01,taoh02
Neurosurgery,KONDZD01,taoh02
Neurosurgery,KONDZD01,taoh02
Neurosurgery,KONDZD01,taoh02
Neurosurgery,KONDZD01,taoh02
Neurosurgery,KONDZD01,taoh02
Neurosurgery,KONDZD01,taoh02
Neurosurgery,KONDZD01,taoh02
Neurosurgery,KONDZD01,taoh02
Neurosurgery,KONDZD01,taoh02
Neurosurgery,KONDZD01,taoh02
Neurosurgery,KONDZD01,taoh02
Neurosurgery,KONDZD01,taoh02
Neurosurgery,KONDZD01,taoh02
Neurosurgery,KONDZD01,taoh02
Neurosurgery,KONDZD01,taoh02
Neurosurgery,KONDZD01,taoh02
Neurosurgery,KONDZD01,taoh02
Neurosurgery,KONDZD01,taoh02
Neurosurgery,KONDZD01,taoh02
Neurosurgery,KONDZD01,taoh02
Neurosurgery,KONDZD01,taoh02
Neurosurgery,KONDZD01,taoh02
Neurosurgery,KONDZD01,taoh02
Neurosurgery,KONDZD01,taoh02
Neurosurgery,KONDZD01,taoh02
Neurosurgery,KONDZD01,taoh02
Neurosurgery,KONDZD01,taoh02
Neurosurgery,KONDZD01,taoh02
Neurosurgery,KONDZD01,taoh02
Neurosurgery,KONDZD01,taoh02
Neurosurgery,KONDZD01,taoh02
Neurosurgery,KONDZD01,taoh02
Neurosurgery,KONDZD01,taoh02
Neurosurgery,KONDZD01,taoh02
Neurosurgery,KONDZD01,taoh02
Neurosurgery,KONDZD01,taoh02
Neurosurgery,KONDZD01,taoh02
Neurosurgery,KONDZD01,taoh02
Neurosurgery,KONDZD01,taoh02
Neurosurgery,KONDZD01,taoh02
Neurosurgery,KONDZD01,taoh02
Neurosurgery,KONDZD01,taoh02
Neurosurgery,KONDZD01,taoh02
Neurosurgery,KONDZD01,taoh02
Neurosurgery,KONDZD01,taoh02
Neurosurgery,KONDZD01,taoh02
Neurosurgery,KONDZD01,taoh02
Neurosurgery,KONDZD01,taoh02
Neurosurgery,KONDZD01,taoh02
Neurosurgery,KONDZD01,taoh02
Neurosurgery,KONDZD01,taoh02
Neurosurgery,KONDZD01,taoh02
Neurosurgery,KONDZD01,taoh02
Neurosurgery,KONDZD01,taoh02
Neurosurgery,KONDZD01,taoh02
Neurosurgery,KONDZD01,taoh02
Neurosurgery,KONDZD01,taoh02
Neurosurgery,KONDZD01,taoh02
Neurosurgery,KONDZD01,taoh02
Neurosurgery,KONDZD01,taoh02
Neurosurgery,KONDZD01,taoh02
Neurosurgery,KONDZD01,taoh02
Neurosurgery,KONDZD01,taoh02
Neurosurgery,KONDZD01,taoh02
Neurosurgery,KONDZD01,taoh02
Neurosurgery,KONDZD01,taoh02
Neurosurgery,KONDZD01,taoh02
Neurosurgery,KONDZD01,taoh02
Neurosurgery,KONDZD01,taoh02
Neurosurgery,KONDZD01,taoh02
Neurosurgery,KONDZD01,taoh02
Neurosurgery,KONDZD01,taoh02
Neurosurgery,KONDZD01,taoh02
Neurosurgery,KONDZD01,taoh02
Neurosurgery,KONDZD01,taoh02
Neurosurgery,KONDZD01,taoh02
Neurosurgery,KONDZD01,taoh02
Neurosurgery,KONDZD01,taoh02
Neurosurgery,KONDZD01,taoh02
Neurosurgery,KONDZD01,taoh02
Neurosurgery,KONDZD01,taoh02
Neurosurgery,KONDZD01,taoh02
Neurosurgery,KONDZD01,taoh02
Neurosurgery,KONDZD01,taoh02
Neurosurgery,KONDZD01,taoh02
Neurosurgery,KONDZD01,taoh02
Neurosurgery,KONDZD01,taoh02
Neurosurgery,KONDZD01,taoh02
Neurosurgery,KONDZD01,taoh02
Neurosurgery,KONDZD01,taoh02
Neurosurgery,KONDZD01,taoh02
Neurosurgery,KONDZD01,taoh02
Neurosurgery,KONDZD01,taoh02
Neurosurgery,KONDZD01,taoh02
Neurosurgery,KONDZD01,taoh02
Neurosurgery,KONDZD01,taoh02
Neurosurgery,KONDZD01,taoh02
Neurosurgery,KONDZD01,taoh02
Neurosurgery,KONDZD01,taoh02
Neurosurgery,KONDZD01,taoh02
Neurosurgery,KONDZD01,taoh02
Neurosurgery,KONDZD01,taoh02
Neurosurgery,KONDZD01,taoh02
Neurosurgery,KONDZD01,taoh02
Neurosurgery,KONDZD01,taoh02
Neurosurgery,KONDZD01,taoh02
Neurosurgery,KONDZD01,taoh02
Neurosurgery,KONDZD01,taoh02
Neurosurgery,KONDZD01,taoh02
Neurosurgery,KONDZD01,taoh02
Neurosurgery,KONDZD01,taoh02
Neurosurgery,KONDZD01,taoh02
Neurosurgery,KONDZD01,taoh02
Neurosurgery,KONDZD01,taoh02
Neurosurgery,KONDZD01,taoh02
Neurosurgery,KONDZD01,taoh02
Neurosurgery,KONDZD01,taoh02
Neurosurgery,KONDZD01,taoh02
Neurosurgery,KONDZD01,taoh02
Neurosurgery,KONDZD01,taoh02
Neurosurgery,KONDZD01,taoh02
Neurosurgery,KONDZD01,taoh02
Neurosurgery,KONDZD01,taoh02
Neurosurgery,KONDZD01,taoh02
Neurosurgery,KONDZD01,taoh02
Neurosurgery,KONDZD01,taoh02
Neurosurgery,KONDZD01,taoh02
Neurosurgery,KONDZD01,taoh02
Neurosurgery,KONDZD01,taoh02
Neurosurgery,KONDZD01,taoh02
Neurosurgery,KONDZD01,taoh02
Neurosurgery,KONDZD01,taoh02
Neurosurgery,KONDZD01,taoh02
Neurosurgery,KONDZD01,taoh02
Neurosurgery,KONDZD01,taoh02
Neurosurgery,KONDZD01,taoh02
Neurosurgery,KONDZD01,taoh02
Neurosurgery,KONDZD01,taoh02
Neurosurgery,KONDZD01,taoh02
Neurosurgery,KONDZD01,taoh02
Neurosurgery,KONDZD01,taoh02
Neurosurgery,KONDZD01,taoh02
Neurosurgery,KONDZD01,taoh02
Neurosurgery,KONDZD01,taoh02
Neurosurgery,KONDZD01,taoh02
Neurosurgery,KONDZD01,taoh02
Neurosurgery,KONDZD01,taoh02
Neurosurgery,KONDZD01,taoh02
Neurosurgery,KONDZD01,taoh02
Neurosurgery,KONDZD01,taoh02
Neurosurgery,KONDZD01,taoh02
Neurosurgery,KONDZD01,taoh02
Neurosurgery,KONDZD01,taoh02
Neurosurgery,KONDZD01,taoh02
Neurosurgery,KONDZD01,taoh02
Neurosurgery,KONDZD01,taoh02
Neurosurgery,KONDZD01,taoh02
Neurosurgery,KONDZD01,taoh02
Neurosurgery,KONDZD01,taoh02
Neurosurgery,KONDZD01,taoh02
Neurosurgery,KONDZD01,taoh02
Neurosurgery,KONDZD01,taoh02
Neurosurgery,KONDZD01,taoh02
Neurosurgery,KONDZD01,taoh02
Neurosurgery,KONDZD01,taoh02
Neurosurgery,KONDZD01,taoh02
Neurosurgery,KONDZD01,taoh02
Neurosurgery,KONDZD01,taoh02
Neurosurgery,KONDZD01,taoh02
Neurosurgery,KONDZD01,taoh02
Neurosurgery,KONDZD01,taoh02
Neurosurgery,KONDZD01,taoh02
Neurosurgery,KONDZD01,taoh02
Neurosurgery,KONDZD01,taoh02
Neurosurgery,KONDZD01,taoh02
Neurosurgery,KONDZD01,taoh02
Neurosurgery,KONDZD01,taoh02
Neurosurgery,KONDZD01,taoh02
Neurosurgery,KONDZD01,taoh02
Neurosurgery,KONDZD01,taoh02
Neurosurgery,KONDZD01,taoh02
Neurosurgery,KONDZD01,taoh02
Neurosurgery,KONDZD01,taoh02
Neurosurgery,KONDZD01,taoh02
Neurosurgery,KONDZD01,taoh02
Neurosurgery,KONDZD01,taoh02
Neurosurgery,KONDZD01,taoh02
Neurosurgery,KONDZD01,taoh02
Neurosurgery,KONDZD01,taoh02
Neurosurgery,KONDZD01,taoh02
Neurosurgery,KONDZD01,taoh02
Neurosurgery,KONDZD01,taoh02
Neurosurgery,KONDZD01,taoh02
Neurosurgery,KONDZD01,taoh02
Neurosurgery,KONDZD01,taoh02
Neurosurgery,KONDZD01,taoh02
Neurosurgery,KONDZD01,taoh02
Neurosurgery,KONDZD01,taoh02
Neurosurgery,KONDZD01,taoh02
Neurosurgery,KONDZD01,taoh02
Neurosurgery,KONDZD01,taoh02
Neurosurgery,KONDZD01,taoh02
Neurosurgery,KONDZD01,taoh02
Neurosurgery,KONDZD01,taoh02
Neurosurgery,KONDZD01,taoh02
Neurosurgery,KONDZD01,taoh02
Neurosurgery,KONDZD01,taoh02
Neurosurgery,KONDZD01,taoh02
Neurosurgery,KONDZD01,taoh02
Neurosurgery,KONDZD01,taoh02
Neurosurgery,KONDZD01,taoh02
Neurosurgery,KONDZD01,taoh02
Neurosurgery,KONDZD01,taoh02
Neurosurgery,KONDZD01,taoh02
Neurosurgery,KONDZD01,taoh02
Neurosurgery,KONDZD01,taoh02
Neurosurgery,KONDZD01,taoh02
Neurosurgery,KONDZD01,taoh02
Neurosurgery,KONDZD01,taoh02
Neurosurgery,KONDZD01,taoh02
Neurosurgery,KONDZD01,taoh02
Neurosurgery,KONDZD01,taoh02
Neurosurgery,KONDZD01,taoh02
Neurosurgery,KONDZD01,taoh02
Neurosurgery,KONDZD01,taoh02
Neurosurgery,KONDZD01,taoh02
Neurosurgery,KONDZD01,taoh02
Neurosurgery,KONDZD01,taoh02
Neurosurgery,KONDZD01,taoh02
Neurosurgery,KONDZD01,taoh02
Neurosurgery,KONDZD01,taoh02
Neurosurgery,KONDZD01,taoh02
Neurosurgery,KONDZD01,taoh02
Neurosurgery,KONDZD01,taoh02
Neurosurgery,KONDZD01,taoh02
Neurosurgery,KONDZD01,taoh02
Neurosurgery,KONDZD01,taoh02
Neurosurgery,KONDZD01,taoh02
Neurosurgery,KONDZD01,taoh02
Neurosurgery,KONDZD01,taoh02
Neurosurgery,KONDZD01,taoh02
Neurosurgery,KONDZD01,taoh02
Neurosurgery,KONDZD01,taoh02
Neurosurgery,KONDZD01,taoh02
Neurosurgery,KONDZD01,taoh02
Neurosurgery,KONDZD01,taoh02
Neurosurgery,KONDZD01,taoh02
Neurosurgery,KONDZD01,taoh02
Neurosurgery,KONDZD01,taoh02
Neurosurgery,KONDZD01,taoh02
Neurosurgery,KONDZD01,taoh02
Neurosurgery,KONDZD01,taoh02
Neurosurgery,KONDZD01,taoh02
Neurosurgery,KONDZD01,taoh02
Neurosurgery,KONDZD01,taoh02
Neurosurgery,KONDZD01,taoh02
Neurosurgery,KONDZD01,taoh02
Neurosurgery,KONDZD01,taoh02
Neurosurgery,KONDZD01,taoh02
Neurosurgery,KONDZD01,taoh02
Neurosurgery,KONDZD01,taoh02
Neurosurgery,KONDZD01,taoh02
Neurosurgery,KONDZD01,taoh02
Neurosurgery,KONDZD01,taoh02
Neurosurgery,KONDZD01,taoh02
Neurosurgery,KONDZD01,taoh02
Neurosurgery,KONDZD01,taoh02
Neurosurgery,KONDZD01,taoh02
Neurosurgery,KONDZD01,taoh02
Neurosurgery,KONDZD01,taoh02
Neurosurgery,KONDZD01,taoh02
Neurosurgery,KONDZD01,taoh02
Neurosurgery,KONDZD01,taoh02
Neurosurgery,KONDZD01,taoh02
Neurosurgery,KONDZD01,taoh02
Neurosurgery,KONDZD01,taoh02
Neurosurgery,KONDZD01,taoh02
Neurosurgery,KONDZD01,taoh02
Neurosurgery,KONDZD01,taoh02
Neurosurgery,KONDZD01,taoh02
Neurosurgery,KONDZD01,taoh02
Neurosurgery,KONDZD01,taoh02
Neurosurgery,KONDZD01,taoh02
Neurosurgery,KONDZD01,taoh02
Neurosurgery,KONDZD01,taoh02
Neurosurgery,KONDZD01,taoh02
Neurosurgery,KONDZD01,taoh02
Neurosurgery,KONDZD01,taoh02
Neurosurgery,KONDZD01,taoh02
Neurosurgery,KONDZD01,taoh02
Neurosurgery,KONDZD01,taoh02
Neurosurgery,KONDZD01,taoh02
Neurosurgery,KONDZD01,taoh02
Neurosurgery,KONDZD01,taoh02
Neurosurgery,KONDZD01,taoh02
Neurosurgery,KONDZD01,taoh02
Neurosurgery,KONDZD01,taoh02
Neurosurgery,KONDZD01,taoh02
Neurosurgery,KONDZD01,taoh02
Neurosurgery,KONDZD01,taoh02
Neurosurgery,KONDZD01,taoh02
Neurosurgery,KONDZD01,taoh02
Neurosurgery,KONDZD01,taoh02
Neurosurgery,KONDZD01,taoh02
Neurosurgery,KONDZD01,taoh02
Neurosurgery,KONDZD01,taoh02
Neurosurgery,KONDZD01,taoh02
Neurosurgery,KONDZD01,taoh02
Neurosurgery,KONDZD01,taoh02
Neurosurgery,KONDZD01,taoh02
Neurosurgery,KONDZD01,taoh02
Neurosurgery,KONDZD01,taoh02
Neurosurgery,KONDZD01,taoh02
Neurosurgery,KONDZD01,taoh02
Neurosurgery,KONDZD01,taoh02
Neurosurgery,KONDZD01,taoh02
Neurosurgery,KONDZD01,taoh02
Neurosurgery,KONDZD01,taoh02
Neurosurgery,KONDZD01,taoh02
Neurosurgery,KONDZD01,taoh02
Neurosurgery,KONDZD01,taoh02
Neurosurgery,KONDZD01,taoh02
Neurosurgery,KONDZD01,taoh02
Neurosurgery,KONDZD01,taoh02
Neurosurgery,KONDZD01,taoh02
Neurosurgery,KONDZD01,taoh02
Neurosurgery,KONDZD01,taoh02
Neurosurgery,KONDZD01,taoh02
Neurosurgery,KONDZD01,taoh02
Neurosurgery,KONDZD01,taoh02
Neurosurgery,KONDZD01,taoh02
Neurosurgery,KONDZD01,taoh02
Neurosurgery,KONDZD01,taoh02
Neurosurgery,KONDZD01,taoh02
Neurosurgery,KONDZD01,taoh02
Neurosurgery,KONDZD01,taoh02
Neurosurgery,KONDZD01,taoh02
Neurosurgery,KONDZD01,taoh02
Neurosurgery,KONDZD01,taoh02
Neurosurgery,KONDZD01,taoh02
Neurosurgery,KONDZD01,taoh02
Neurosurgery,KONDZD01,taoh02
Neurosurgery,KONDZD01,taoh02
Neurosurgery,KONDZD01,taoh02
Neurosurgery,KONDZD01,taoh02
Neurosurgery,KONDZD01,taoh02
Neurosurgery,KONDZD01,taoh02
Neurosurgery,KONDZD01,taoh02
Neurosurgery,KONDZD01,taoh02
Neurosurgery,KONDZD01,taoh02
Neurosurgery,KONDZD01,taoh02
Neurosurgery,KONDZD01,taoh02
Neurosurgery,KONDZD01,taoh02
Neurosurgery,KONDZD01,taoh02
Neurosurgery,KONDZD01,taoh02
Neurosurgery,KONDZD01,taoh02
Neurosurgery,KONDZD01,taoh02
Neurosurgery,KONDZD01,taoh02
Neurosurgery,KONDZD01,taoh02
Neurosurgery,KONDZD01,taoh02
Neurosurgery,KONDZD01,taoh02
Neurosurgery,KONDZD01,taoh02
Neurosurgery,KONDZD01,taoh02
Neurosurgery,KONDZD01,taoh02
Neurosurgery,KONDZD01,taoh02
Neurosurgery,KONDZD01,taoh02
Neurosurgery,KONDZD01,taoh02
Neurosurgery,KONDZD01,taoh02
Neurosurgery,KONDZD01,taoh02
Neurosurgery,KONDZD01,taoh02
Neurosurgery,KONDZD01,taoh02
Neurosurgery,KONDZD01,taoh02
Neurosurgery,KONDZD01,taoh02
Neurosurgery,KONDZD01,taoh02
Neurosurgery,KONDZD01,taoh02
Neurosurgery,KONDZD01,taoh02
Neurosurgery,KONDZD01,taoh02
Neurosurgery,KONDZD01,taoh02
Neurosurgery,KONDZD01,taoh02
Neurosurgery,KONDZD01,taoh02
Neurosurgery,KONDZD01,taoh02
Neurosurgery,KONDZD01,taoh02
Neurosurgery,KONDZD01,taoh02
Neurosurgery,KONDZD01,taoh02
Neurosurgery,KONDZD01,taoh02
Neurosurgery,KONDZD01,taoh02
Neurosurgery,KONDZD01,taoh02
